{
    "labels": [
        "bed"
    ],
    "amount_of_images": 724,
    "image_color_mode": "color",
    "image_size": "nochange",
    "split": {
        "train": 447,
        "val": 213,
        "test": 64
    },
    "description": "All the images can be found in the data folder, the images are separated into train/test/val folders with a ratio of 60%/30%/10%",
    "total_creation_time": "0:06:56.120572",
    "augmentation": {
        "active": true,
        "augmentation_count": 321,
        "augmentations": [
            "rotate",
            "edge_enhance",
            "max_filter",
            "min_filter",
            "sharpen",
            "smooth",
            "brightness",
            "contrast"
        ],
        "description": "How to know which image has been augmented? Images with _aug suffix at the train folder"
    },
    "about": {
        "provide_by": "www.images.cv",
        "usefull_links": [
            "images.cv/how-to-use",
            "images.cv/faq",
            "images.cv/computer-vision-dataset-categories",
            "images.cv/computer-vision-image-datasets-index",
            "images.cv/contact"
        ]
    }
}